{
  "diagnostic": {
    "1": {
      "stiffness": 5000000.0,
      "stage1_mse": 0.13495331005592562,
      "stage2_mse": 0.1342639083335689,
      "baseline_mse": 0.000647399175618375
    },
    "4": {
      "stiffness": 500000.0,
      "stage1_mse": 0.13540435918600907,
      "stage2_mse": 0.13431986959876213,
      "baseline_mse": 0.0003375980413329671
    },
    "7": {
      "stiffness": 50000.0,
      "stage1_mse": 0.13068048705606997,
      "stage2_mse": 0.13416124081587896,
      "baseline_mse": 0.0004261912505171495
    }
  },
  "rollout": {
    "causal": {
      "per_step_mse": [
        6.662615419372742e-07,
        2.95615950562933e-06,
        7.334358087973669e-06,
        1.4267970072978642e-05,
        2.417397809040267e-05,
        3.703826223500073e-05,
        5.212460018810816e-05,
        6.89443331793882e-05,
        8.691770926816389e-05,
        0.00010512755397940055,
        0.00012262277596164495,
        0.00013862016203347594,
        0.0001523330865893513,
        0.0001632896310184151,
        0.00017134544032160193,
        0.0001766521017998457,
        0.00017936670337803662,
        0.0001797295844880864,
        0.0006762275006622076,
        0.003878282615914941,
        0.012688291259109974,
        0.028893988579511642,
        0.05245089903473854,
        0.08266764134168625,
        0.12005788832902908,
        0.16660800576210022,
        0.22508548200130463,
        0.2986384630203247,
        0.3907715082168579,
        0.5053355693817139,
        0.6462024450302124,
        0.8171728253364563,
        1.0217866897583008,
        1.2640495300292969,
        1.5505609512329102,
        1.891912579536438,
        2.3025929927825928,
        2.8002681732177734,
        3.404862642288208,
        4.13775634765625,
        5.020431995391846,
        6.073755264282227,
        7.2637481689453125,
        8.542635917663574,
        9.865151405334473,
        11.205048561096191,
        12.55718994140625,
        13.930058479309082,
        15.33736515045166,
        16.79070281982422,
        18.29618263244629,
        19.85441780090332,
        21.463348388671875,
        23.12099266052246,
        24.826425552368164,
        26.580488204956055,
        28.385286331176758,
        30.242475509643555,
        32.153751373291016,
        34.12163543701172,
        36.1486701965332,
        38.23801040649414,
        40.394737243652344,
        42.6259651184082,
        44.941253662109375,
        47.352867126464844,
        49.76432800292969,
        52.21535110473633,
        54.76917266845703,
        57.479042053222656,
        60.3791618347168,
        63.48919677734375,
        66.82770538330078,
        70.41313934326172,
        74.2656478881836,
        78.40680694580078,
        82.85955047607422,
        87.64568328857422,
        92.78662109375,
        98.30078887939453,
        104.20370483398438,
        110.50912475585938,
        117.22811889648438,
        124.37042999267578,
        131.9376220703125,
        139.92422485351562,
        148.31497192382812,
        157.08351135253906,
        166.19403076171875,
        175.6020050048828,
        185.2799072265625,
        195.1639404296875,
        205.16819763183594,
        215.20970153808594,
        225.22311401367188,
        235.15574645996094,
        244.96900939941406,
        254.63037109375,
        264.1163024902344,
        273.41363525390625
      ],
      "avg_mse": 53.003590620055974,
      "final_mse": 273.41363525390625,
      "max_mse": 273.41363525390625
    },
    "causal_s1": {
      "per_step_mse": [
        6.738728757227364e-07,
        2.7395547022024402e-06,
        6.25698703515809e-06,
        1.1259935490670614e-05,
        1.7667100109974854e-05,
        2.506523742340505e-05,
        3.2677315175533295e-05,
        4.002566129202023e-05,
        4.6646637201774865e-05,
        5.209481969359331e-05,
        5.600792428595014e-05,
        5.8252371673006564e-05,
        5.891916589462198e-05,
        5.8230616559740156e-05,
        5.649168087984435e-05,
        5.404838884714991e-05,
        5.124313247506507e-05,
        4.837023152504116e-05,
        0.0005599072319455445,
        0.003162241540849209,
        0.009247691370546818,
        0.019026068970561028,
        0.03142083063721657,
        0.04512102156877518,
        0.05999770388007164,
        0.07823575288057327,
        0.1025698259472847,
        0.13592539727687836,
        0.18166986107826233,
        0.24435128271579742,
        0.3310638964176178,
        0.45243212580680847,
        0.6230317950248718,
        0.8620082139968872,
        1.192345142364502,
        1.636359691619873,
        2.211033344268799,
        2.9247725009918213,
        3.7768406867980957,
        4.7581706047058105,
        5.853434085845947,
        7.048096656799316,
        8.28239917755127,
        9.51347827911377,
        10.728453636169434,
        11.960636138916016,
        13.287595748901367,
        14.814112663269043,
        16.652204513549805,
        18.897363662719727,
        21.60995864868164,
        24.806968688964844,
        28.454214096069336,
        32.450679779052734,
        36.59571075439453,
        40.55813217163086,
        43.91593551635742,
        46.31572341918945,
        47.64799118041992,
        48.04295349121094,
        47.736549377441406,
        46.968021392822266,
        45.96657943725586,
        44.97962188720703,
        44.27647018432617,
        44.08352279663086,
        44.517433166503906,
        45.63811111450195,
        47.403804779052734,
        49.71942138671875,
        52.471649169921875,
        55.537193298339844,
        58.77180099487305,
        61.9636116027832,
        64.79932403564453,
        66.83926391601562,
        67.5923843383789,
        66.7270736694336,
        64.2662124633789,
        60.54637145996094,
        56.06733322143555,
        51.26773452758789,
        46.46533203125,
        41.90303421020508,
        37.774658203125,
        34.21796417236328,
        31.295726776123047,
        28.99724006652832,
        27.26211166381836,
        26.012813568115234,
        25.227529525756836,
        24.855804443359375,
        24.816822052001953,
        24.96172523498535,
        24.997610092163086,
        24.430870056152344,
        22.825326919555664,
        20.271024703979492,
        17.20583152770996,
        14.04694652557373
      ],
      "avg_mse": 21.92823924559515,
      "final_mse": 14.04694652557373,
      "max_mse": 67.5923843383789
    },